{"cameraMode":{"drawMode":0,"name":"Shaded","section":"Shading Mode"},"sceneLighting":true,"audioPlay":false,"sceneViewState":{"m_AlwaysRefresh":false,"showFog":true,"showSkybox":false,"showFlares":true,"showImageEffects":true,"showParticleSystems":true,"showVisualEffectGraphs":true,"m_FxEnabled":true},"in2DMode":false,"pivot":{"x":-0.1125030517578125,"y":0.29474830627441409,"z":-0.06096649169921875},"rotation":{"x":-0.08184049278497696,"y":0.8960041403770447,"z":-0.18565262854099275,"w":-0.3949824869632721},"size":3.3073947429656984,"orthographic":false}