{"cameraMode":{"drawMode":0,"name":"Shaded","section":"Shading Mode"},"sceneLighting":true,"audioPlay":false,"sceneViewState":{"m_AlwaysRefresh":false,"showFog":true,"showSkybox":false,"showFlares":true,"showImageEffects":true,"showParticleSystems":true,"showVisualEffectGraphs":true,"m_FxEnabled":true},"in2DMode":false,"pivot":{"x":-0.11887003481388092,"y":-7.022317886352539,"z":7.462038040161133},"rotation":{"x":-0.29297253489494326,"y":-0.0017772309947758914,"z":0.0005121022113598883,"w":-0.9562022686004639},"size":12.12435531616211,"orthographic":false}