{"cameraMode":{"drawMode":0,"name":"Shaded","section":"Shading Mode"},"sceneLighting":false,"audioPlay":false,"sceneViewState":{"m_AlwaysRefresh":false,"showFog":true,"showSkybox":false,"showFlares":true,"showImageEffects":true,"showParticleSystems":true,"showVisualEffectGraphs":true,"m_FxEnabled":true},"in2DMode":false,"pivot":{"x":1.5462818145751954,"y":2.1518025398254396,"z":2.9600625038146974},"rotation":{"x":0.20249459147453309,"y":-0.662966251373291,"z":0.19344045221805573,"w":0.6944358944892883},"size":1.0677077770233155,"orthographic":false}