{"cameraMode":{"drawMode":0,"name":"Shaded","section":"Shading Mode"},"sceneLighting":false,"audioPlay":false,"sceneViewState":{"m_AlwaysRefresh":false,"showFog":true,"showSkybox":false,"showFlares":true,"showImageEffects":true,"showParticleSystems":true,"showVisualEffectGraphs":true,"m_FxEnabled":true},"in2DMode":false,"pivot":{"x":0.8338407278060913,"y":1.9088385105133057,"z":1.5724037885665894},"rotation":{"x":0.03916475921869278,"y":-0.9516205191612244,"z":0.13684424757957459,"w":0.27267205715179446},"size":1.0677077770233155,"orthographic":false}