{"cameraMode":{"drawMode":0,"name":"Shaded","section":"Shading Mode"},"sceneLighting":false,"audioPlay":false,"sceneViewState":{"m_AlwaysRefresh":false,"showFog":true,"showSkybox":false,"showFlares":true,"showImageEffects":true,"showParticleSystems":true,"showVisualEffectGraphs":true,"m_FxEnabled":true},"in2DMode":false,"pivot":{"x":-0.07662368565797806,"y":1.219622254371643,"z":-1.4436358213424683},"rotation":{"x":-0.09914179891347885,"y":0.009549813345074654,"z":-0.0009519271552562714,"w":-0.9950239062309265},"size":0.8660253882408142,"orthographic":false}