{"cameraMode":{"drawMode":0,"name":"Shaded","section":"Shading Mode"},"sceneLighting":false,"audioPlay":false,"sceneViewState":{"m_AlwaysRefresh":false,"showFog":true,"showSkybox":false,"showFlares":true,"showImageEffects":true,"showParticleSystems":true,"showVisualEffectGraphs":true,"m_FxEnabled":true},"in2DMode":false,"pivot":{"x":0.375527560710907,"y":0.551783561706543,"z":1.1030709743499756},"rotation":{"x":-0.005235002376139164,"y":0.9795446991920471,"z":-0.19989997148513795,"w":-0.025615066289901735},"size":0.6495190262794495,"orthographic":false}