{"cameraMode":{"drawMode":0,"name":"Shaded","section":"Shading Mode"},"sceneLighting":false,"audioPlay":false,"sceneViewState":{"m_AlwaysRefresh":false,"showFog":true,"showSkybox":false,"showFlares":true,"showImageEffects":true,"showParticleSystems":true,"showVisualEffectGraphs":true,"m_FxEnabled":true},"in2DMode":false,"pivot":{"x":-0.6249428987503052,"y":1.7992331981658936,"z":-2.464395761489868},"rotation":{"x":-0.0051022483967244629,"y":-0.005998794920742512,"z":-0.00005217957732384093,"w":1.0000183582305909},"size":1.4361406564712525,"orthographic":false}