{"cameraMode":{"drawMode":0,"name":"Shaded","section":"Shading Mode"},"sceneLighting":false,"audioPlay":false,"sceneViewState":{"m_AlwaysRefresh":false,"showFog":true,"showSkybox":false,"showFlares":true,"showImageEffects":true,"showParticleSystems":true,"showVisualEffectGraphs":true,"m_FxEnabled":true},"in2DMode":false,"pivot":{"x":0.7969842553138733,"y":1.3733100891113282,"z":1.2456119060516358},"rotation":{"x":0.10629600286483765,"y":-0.8784013986587524,"z":0.23071083426475526,"w":0.4050610363483429},"size":0.8660253882408142,"orthographic":false}