{"cameraMode":{"drawMode":0,"name":"Shaded","section":"Shading Mode"},"sceneLighting":false,"audioPlay":false,"sceneViewState":{"m_AlwaysRefresh":false,"showFog":true,"showSkybox":false,"showFlares":true,"showImageEffects":true,"showParticleSystems":true,"showVisualEffectGraphs":true,"m_FxEnabled":true},"in2DMode":false,"pivot":{"x":-0.27856385707855227,"y":2.4760520458221437,"z":-4.708274841308594},"rotation":{"x":-0.17295871675014497,"y":-0.07415859401226044,"z":0.012981736101210118,"w":-0.9821483492851257},"size":0.8660253882408142,"orthographic":false}