{"cameraMode":{"drawMode":0,"name":"Shaded","section":"Shading Mode"},"sceneLighting":false,"audioPlay":false,"sceneViewState":{"m_AlwaysRefresh":false,"showFog":true,"showSkybox":false,"showFlares":true,"showImageEffects":true,"showParticleSystems":true,"showVisualEffectGraphs":true,"m_FxEnabled":true},"in2DMode":false,"pivot":{"x":-1.0934845209121705,"y":0.510029673576355,"z":-2.0053958892822267},"rotation":{"x":-0.02003062516450882,"y":0.9779958128929138,"z":-0.17493556439876557,"w":-0.11197695136070252},"size":2.3318819999694826,"orthographic":false}